"", "lambda\_", "force"
0, 1.0, 1.000000
1, 1.0, 1.000000
2, 1.0, 1.000000
3, 1.0, 1.000000
4, -1.0, -1.414214
5, -1.0, -1.414214