"","radius","inner_radius","modulus"
0,0.005,0.0,2.000000e+11
1,0.005,0.0,2.000000e+11
2,0.005,0.0,2.000000e+11
3,0.005,0.0,2.000000e+11
4,0.010,0.0,2.000000e+11
5,0.010,0.0,2.000000e+11
